{
    "eval_accuracy": 0.8727064220183486,
    "eval_combined_score": 0.5287462451601261,
    "eval_f1": 0.466569908079342,
    "eval_loss": 0.40968188643455505,
    "eval_matthews_correlation": 0.505837943829271,
    "eval_pearson": 0.032106140340620544,
    "eval_runtime": 10.3256,
    "eval_samples": 872,
    "eval_samples_per_second": 84.45,
    "eval_spearmanr": 0.026017242130938298,
    "eval_steps_per_second": 84.45,
    "flops": 0.09414992189844387
}