{
    "accuracy": [
        0.9151376146788991
    ],
    "details": [
        {
            "eval_accuracy": 0.9151376146788991,
            "eval_loss": 0.36508458852767944,
            "eval_runtime": 16.1479,
            "eval_samples": 872,
            "eval_samples_per_second": 54.001,
            "eval_steps_per_second": 54.001
        }
    ],
    "latency": [
        16.1479
    ]
}