{
    "eval_accuracy": 0.8727064220183486,
    "eval_loss": 0.40968188643455505,
    "eval_runtime": 10.3256,
    "eval_samples": 872,
    "eval_samples_per_second": 84.45,
    "eval_steps_per_second": 84.45,
    "flops": 0.09414992189844387
}